gene_id,gene_symbol,heatmap_row_label,major_class,subcategory,functional_label(s),HF_vs_Normal_log2FoldChange,Obese_vs_Normal_log2FoldChange,Diabetic_vs_Normal_log2FoldChange,HF_vs_Normal_padj,Obese_vs_Normal_padj,Diabetic_vs_Normal_padj,HF_vs_Normal_direction,Obese_vs_Normal_direction,Diabetic_vs_Normal_direction,HF_vs_Normal_FDR_status,Obese_vs_Normal_FDR_status,Diabetic_vs_Normal_FDR_status
ENSG00000151067,CACNA1C,CACNA1C | Cav1.2 α1 subunit (cardiac L-type),Calcium channels,L-type calcium channels (Cav1),Cav1.2 α1 subunit (cardiac L-type),0.126975329858554,-0.148822353146633,0.281788431509646,0.707553606834079,0.653872069295763,0.749628138615087,Higher in Heart Failure than Normal,Lower in Obese than Normal,Higher in Diabetic than Normal,Not FDR significant (padj ≥ 0.05),Not FDR significant (padj ≥ 0.05),Not FDR significant (padj ≥ 0.05)
ENSG00000157388,CACNA1D,CACNA1D | Cav1.3 α1 subunit (atrial/pacemaker L-type),Calcium channels,L-type calcium channels (Cav1),Cav1.3 α1 subunit (atrial/pacemaker L-type),-0.414391932362992,-0.485800233133293,-1.12042219826317,0.727921657657977,0.786213921457535,0.683718337490812,Lower in Heart Failure than Normal,Lower in Obese than Normal,Lower in Diabetic than Normal,Not FDR significant (padj ≥ 0.05),Not FDR significant (padj ≥ 0.05),Not FDR significant (padj ≥ 0.05)
ENSG00000081248,CACNA1S,CACNA1S | Cav1.1 α1 subunit (skeletal muscle),Calcium channels,L-type calcium channels (Cav1),Cav1.1 α1 subunit (skeletal muscle),2.00790557847127,0.949373608903703,1.54891024167659,0.174840637708981,0.844943011125395,0.812930039050512,Higher in Heart Failure than Normal,Higher in Obese than Normal,Higher in Diabetic than Normal,Not FDR significant (padj ≥ 0.05),Not FDR significant (padj ≥ 0.05),Not FDR significant (padj ≥ 0.05)
ENSG00000102001,CACNA1F,CACNA1F | Cav1.4 α1 subunit (retina),Calcium channels,L-type calcium channels (Cav1),Cav1.4 α1 subunit (retina),0.178893233168087,0.335420200712202,0.4381772204319,0.853196747962732,0.879749566313515,0.957071481409107,Higher in Heart Failure than Normal,Higher in Obese than Normal,Higher in Diabetic than Normal,Not FDR significant (padj ≥ 0.05),Not FDR significant (padj ≥ 0.05),Not FDR significant (padj ≥ 0.05)
ENSG00000141837,CACNA1A,CACNA1A | Cav2.1 α1 subunit (P/Q-type),Calcium channels,L-type calcium channels (Cav1),Cav2.1 α1 subunit (P/Q-type),0.889472015359611,-0.0278254671990001,-0.0130089492564993,0.00641158061586374,0.981295305030437,0.995078270338251,Higher in Heart Failure than Normal,Lower in Obese than Normal,Lower in Diabetic than Normal,FDR significant (padj < 0.05),Not FDR significant (padj ≥ 0.05),Not FDR significant (padj ≥ 0.05)
ENSG00000148408,CACNA1B,CACNA1B | Cav2.2 α1 subunit (N-type),Calcium channels,L-type calcium channels (Cav1),Cav2.2 α1 subunit (N-type),0.00026019091023853,1.19565262453461,1.17703659185818,0.999615080011998,0.204155684844139,0.634780707108669,Higher in Heart Failure than Normal,Higher in Obese than Normal,Higher in Diabetic than Normal,Not FDR significant (padj ≥ 0.05),Not FDR significant (padj ≥ 0.05),Not FDR significant (padj ≥ 0.05)
ENSG00000198216,CACNA1E,CACNA1E | Cav2.3 α1 subunit (R-type),Calcium channels,L-type calcium channels (Cav1),Cav2.3 α1 subunit (R-type),-1.46976760275923,2.48622358109155,-0.874598214725065,0.0515194602272711,0.000290875168681499,0.773862341570828,Lower in Heart Failure than Normal,Higher in Obese than Normal,Lower in Diabetic than Normal,Not FDR significant (padj ≥ 0.05),FDR significant (padj < 0.05),Not FDR significant (padj ≥ 0.05)
ENSG00000006283,CACNA1G,"CACNA1G | Cav3.1 α1 subunit (cardiac conduction system, SAN, AVN, fetal heart)",Calcium channels,L-type calcium channels (Cav1),"Cav3.1 α1 subunit (cardiac conduction system, SAN, AVN, fetal heart)",0.799801379285038,0.538664522796489,0.509520255001909,0.201991631440114,0.555226773434574,0.800555450097787,Higher in Heart Failure than Normal,Higher in Obese than Normal,Higher in Diabetic than Normal,Not FDR significant (padj ≥ 0.05),Not FDR significant (padj ≥ 0.05),Not FDR significant (padj ≥ 0.05)
ENSG00000196557,CACNA1H,"CACNA1H | Cav3.2 α1 subunit (vascular smooth muscle, some cardiac)",Calcium channels,L-type calcium channels (Cav1),"Cav3.2 α1 subunit (vascular smooth muscle, some cardiac)",-0.0729069644536675,0.203048071304201,0.355355384007988,0.829395437799395,0.555226773434574,0.749628138615087,Lower in Heart Failure than Normal,Higher in Obese than Normal,Higher in Diabetic than Normal,Not FDR significant (padj ≥ 0.05),Not FDR significant (padj ≥ 0.05),Not FDR significant (padj ≥ 0.05)
ENSG00000100346,CACNA1I,CACNA1I | Cav3.3 α1 subunit (predominantly neuronal/thalamic),Calcium channels,L-type calcium channels (Cav1),Cav3.3 α1 subunit (predominantly neuronal/thalamic),1.44648273157786,0.821183190737027,0.0292289145653803,0.352788657420226,0.837266578758289,0.995078270338251,Higher in Heart Failure than Normal,Higher in Obese than Normal,Higher in Diabetic than Normal,Not FDR significant (padj ≥ 0.05),Not FDR significant (padj ≥ 0.05),Not FDR significant (padj ≥ 0.05)
ENSG00000196218,RYR1,RYR1 | Ryanodine receptor 1 (skeletal),Calcium channels,SR calcium release - RyR axis,Ryanodine receptor 1 (skeletal),-0.413247935797311,-0.130267256848662,-0.297071328131146,0.209117975906596,0.844943011125395,0.773862341570828,Lower in Heart Failure than Normal,Lower in Obese than Normal,Lower in Diabetic than Normal,Not FDR significant (padj ≥ 0.05),Not FDR significant (padj ≥ 0.05),Not FDR significant (padj ≥ 0.05)
ENSG00000198626,RYR2,RYR2 | Ryanodine receptor 2 (cardiac),Calcium channels,SR calcium release - RyR axis,Ryanodine receptor 2 (cardiac),0.195533147925049,-0.122478154860053,0.072987826180882,0.661907379243312,0.893570651241443,0.957071481409107,Higher in Heart Failure than Normal,Lower in Obese than Normal,Higher in Diabetic than Normal,Not FDR significant (padj ≥ 0.05),Not FDR significant (padj ≥ 0.05),Not FDR significant (padj ≥ 0.05)
ENSG00000198838,RYR3,RYR3 | Ryanodine receptor 3,Calcium channels,SR calcium release - RyR axis,Ryanodine receptor 3,0.658252933491109,0.144169294316427,0.298483366743192,0.173371400467579,0.844943011125395,0.821146179708222,Higher in Heart Failure than Normal,Higher in Obese than Normal,Higher in Diabetic than Normal,Not FDR significant (padj ≥ 0.05),Not FDR significant (padj ≥ 0.05),Not FDR significant (padj ≥ 0.05)
ENSG00000118729,CASQ2,CASQ2 | Calsequestrin 2 (cardiac SR Ca²⁺ buffer),Calcium channels,SR calcium release - RyR axis,Calsequestrin 2 (cardiac SR Ca²⁺ buffer),0.0887172528031296,-0.118501057705815,0.0224890359438395,0.727921657657977,0.555226773434574,0.957071481409107,Higher in Heart Failure than Normal,Lower in Obese than Normal,Higher in Diabetic than Normal,Not FDR significant (padj ≥ 0.05),Not FDR significant (padj ≥ 0.05),Not FDR significant (padj ≥ 0.05)
ENSG00000186439,TRDN,TRDN | Triadin (RyR2–CASQ2 coupling),Calcium channels,SR calcium release - RyR axis,Triadin (RyR2–CASQ2 coupling),-0.00570602842774487,-0.0649907010600799,0.352460163291201,0.977707733635752,0.837266578758289,0.260627792298106,Lower in Heart Failure than Normal,Lower in Obese than Normal,Higher in Diabetic than Normal,Not FDR significant (padj ≥ 0.05),Not FDR significant (padj ≥ 0.05),Not FDR significant (padj ≥ 0.05)
ENSG00000198363,ASPH,ASPH | Junction (RyR2–CASQ2 coupling),Calcium channels,SR calcium release - RyR axis,Junction (RyR2–CASQ2 coupling),-0.0512030857273871,0.0403200468536448,0.105532638439548,0.788844808339324,0.912466599535632,0.87046093374128,Lower in Heart Failure than Normal,Higher in Obese than Normal,Higher in Diabetic than Normal,Not FDR significant (padj ≥ 0.05),Not FDR significant (padj ≥ 0.05),Not FDR significant (padj ≥ 0.05)
ENSG00000119782,FKBP1B,FKBP1B | Calstabin2 / FKBP12.6 (stabilizes RyR2),Calcium channels,SR calcium release - RyR axis,Calstabin2 / FKBP12.6 (stabilizes RyR2),-0.301989334454063,0.583268236272544,0.144323981789293,0.727921657657977,0.405439044016333,0.957071481409107,Lower in Heart Failure than Normal,Higher in Obese than Normal,Higher in Diabetic than Normal,Not FDR significant (padj ≥ 0.05),Not FDR significant (padj ≥ 0.05),Not FDR significant (padj ≥ 0.05)
ENSG00000196296,ATP2A1,ATP2A1 | SERCA1 (skeletal),Calcium channels,SR calcium uptake - SERCA axis,SERCA1 (skeletal),1.7147400492968,1.15924891959965,0.729699890719639,0.00641158061586374,0.189912593711756,0.774152200048671,Higher in Heart Failure than Normal,Higher in Obese than Normal,Higher in Diabetic than Normal,FDR significant (padj < 0.05),Not FDR significant (padj ≥ 0.05),Not FDR significant (padj ≥ 0.05)
ENSG00000174437,ATP2A2,ATP2A2 | SERCA2a/b (cardiac),Calcium channels,SR calcium uptake - SERCA axis,SERCA2a/b (cardiac),-0.67873234586786,-0.293059409566501,-0.0487201173856156,0.00750678755793426,0.555226773434574,0.964306071008936,Lower in Heart Failure than Normal,Lower in Obese than Normal,Lower in Diabetic than Normal,FDR significant (padj < 0.05),Not FDR significant (padj ≥ 0.05),Not FDR significant (padj ≥ 0.05)
ENSG00000074370,ATP2A3,ATP2A3 | SERCA3,Calcium channels,SR calcium uptake - SERCA axis,SERCA3,-0.300813065793123,0.0865201680870772,-0.281813871114262,0.427315772295797,0.893570651241443,0.773862341570828,Lower in Heart Failure than Normal,Higher in Obese than Normal,Lower in Diabetic than Normal,Not FDR significant (padj ≥ 0.05),Not FDR significant (padj ≥ 0.05),Not FDR significant (padj ≥ 0.05)
ENSG00000198523,PLN,PLN | Phospholamban (master SERCA regulator),Calcium channels,SR calcium uptake - SERCA axis,Phospholamban (master SERCA regulator),-0.510221750462684,-0.378697594114741,-0.349350176331786,0.0247887361248234,0.176314693609137,0.513459188764176,Lower in Heart Failure than Normal,Lower in Obese than Normal,Lower in Diabetic than Normal,FDR significant (padj < 0.05),Not FDR significant (padj ≥ 0.05),Not FDR significant (padj ≥ 0.05)
ENSG00000170290,SLN,SLN | Sarcolipin (atrial SERCA regulator),Calcium channels,SR calcium uptake - SERCA axis,Sarcolipin (atrial SERCA regulator),0.038634662435804,2.60023676623942,0.12909570489453,0.967725025731564,0.00548640181273615,0.978501873112438,Higher in Heart Failure than Normal,Higher in Obese than Normal,Higher in Diabetic than Normal,Not FDR significant (padj ≥ 0.05),FDR significant (padj < 0.05),Not FDR significant (padj ≥ 0.05)
ENSG00000150995,ITPR1,ITPR1 | IP3 receptor type 1,Calcium channels,IP3 receptors - ER/MAM calcium release,IP3 receptor type 1,0.202724619720966,0.271342761793699,-0.101710265298828,0.707553606834079,0.538711588525562,0.957071481409107,Higher in Heart Failure than Normal,Higher in Obese than Normal,Lower in Diabetic than Normal,Not FDR significant (padj ≥ 0.05),Not FDR significant (padj ≥ 0.05),Not FDR significant (padj ≥ 0.05)
ENSG00000123104,ITPR2,"ITPR2 | IP3 receptor type 2 (dominant cardiac, MAM)",Calcium channels,IP3 receptors - ER/MAM calcium release,"IP3 receptor type 2 (dominant cardiac, MAM)",-0.135589275908223,0.30441751272436,0.049397776999701,0.727921657657977,0.243877998973977,0.964306071008936,Lower in Heart Failure than Normal,Higher in Obese than Normal,Higher in Diabetic than Normal,Not FDR significant (padj ≥ 0.05),Not FDR significant (padj ≥ 0.05),Not FDR significant (padj ≥ 0.05)
ENSG00000096433,ITPR3,ITPR3 | IP3 receptor type 3 (MAM),Calcium channels,IP3 receptors - ER/MAM calcium release,IP3 receptor type 3 (MAM),-0.133637351025678,-0.221020122333435,0.0592153549960674,0.727921657657977,0.555226773434574,0.957071481409107,Lower in Heart Failure than Normal,Lower in Obese than Normal,Higher in Diabetic than Normal,Not FDR significant (padj ≥ 0.05),Not FDR significant (padj ≥ 0.05),Not FDR significant (padj ≥ 0.05)
ENSG00000183023,SLC8A1,SLC8A1 | NCX1 — Na⁺/Ca²⁺ exchanger 1 (cardiac),Calcium channels; Sodium channels,Plasma membrane calcium efflux; Na⁺/Ca²⁺ exchangers,"NCX1 — Na⁺/Ca²⁺ exchanger 1 (cardiac); NCX1 (cardiac, main Ca²⁺ efflux)",0.269474244181184,-0.389033598763546,0.0331686893123588,0.369358503035046,0.204155684844139,0.978501873112438,Higher in Heart Failure than Normal,Lower in Obese than Normal,Higher in Diabetic than Normal,Not FDR significant (padj ≥ 0.05),Not FDR significant (padj ≥ 0.05),Not FDR significant (padj ≥ 0.05)
ENSG00000118160,SLC8A2,SLC8A2 | NCX2,Calcium channels; Sodium channels,Plasma membrane calcium efflux; Na⁺/Ca²⁺ exchangers,NCX2,0.273778026752242,-1.06043521857523,-1.28285338485037,0.836755154374268,0.555226773434574,0.773862341570828,Higher in Heart Failure than Normal,Lower in Obese than Normal,Lower in Diabetic than Normal,Not FDR significant (padj ≥ 0.05),Not FDR significant (padj ≥ 0.05),Not FDR significant (padj ≥ 0.05)
ENSG00000100678,SLC8A3,SLC8A3 | NCX3,Calcium channels; Sodium channels,Plasma membrane calcium efflux; Na⁺/Ca²⁺ exchangers,NCX3,0.786817413145859,0.377447836901915,0.928222501102324,0.727921657657977,0.893570651241443,0.812930039050512,Higher in Heart Failure than Normal,Higher in Obese than Normal,Higher in Diabetic than Normal,Not FDR significant (padj ≥ 0.05),Not FDR significant (padj ≥ 0.05),Not FDR significant (padj ≥ 0.05)
ENSG00000070961,ATP2B1,ATP2B1 | PMCA1 — plasma membrane Ca²⁺ ATPase 1,Calcium channels,Plasma membrane calcium efflux,PMCA1 — plasma membrane Ca²⁺ ATPase 1,0.0869279512771536,0.0591599107209595,0.199435709813071,0.727921657657977,0.893570651241443,0.774152200048671,Higher in Heart Failure than Normal,Higher in Obese than Normal,Higher in Diabetic than Normal,Not FDR significant (padj ≥ 0.05),Not FDR significant (padj ≥ 0.05),Not FDR significant (padj ≥ 0.05)
ENSG00000058668,ATP2B4,ATP2B4 | PMCA4,Calcium channels,Plasma membrane calcium efflux,PMCA4,0.4305718265847,0.314700451887413,0.348922616283165,0.0247887361248234,0.538711588525562,0.650064729613576,Higher in Heart Failure than Normal,Higher in Obese than Normal,Higher in Diabetic than Normal,FDR significant (padj < 0.05),Not FDR significant (padj ≥ 0.05),Not FDR significant (padj ≥ 0.05)
ENSG00000156026,MCU,MCU | Mitochondrial Ca²⁺ uniporter (pore),Calcium channels,Mitochondrial calcium uptake - MCU complex,Mitochondrial Ca²⁺ uniporter (pore),0.1364023538037,0.105032718631212,0.0344091118549601,0.520593501918836,0.735214543448796,0.957071481409107,Higher in Heart Failure than Normal,Higher in Obese than Normal,Higher in Diabetic than Normal,Not FDR significant (padj ≥ 0.05),Not FDR significant (padj ≥ 0.05),Not FDR significant (padj ≥ 0.05)
ENSG00000005059,MCUB,MCUB | MCU regulatory subunit B (dominant-negative),Calcium channels,Mitochondrial calcium uptake - MCU complex,MCU regulatory subunit B (dominant-negative),0.122386099089603,0.582988824958794,0.535023646777511,0.772411398184845,0.301834411721272,0.470753520971648,Higher in Heart Failure than Normal,Higher in Obese than Normal,Higher in Diabetic than Normal,Not FDR significant (padj ≥ 0.05),Not FDR significant (padj ≥ 0.05),Not FDR significant (padj ≥ 0.05)
ENSG00000107745,MICU1,MICU1 | MCU gatekeeper (low-Ca²⁺ inhibitor),Calcium channels,Mitochondrial calcium uptake - MCU complex,MCU gatekeeper (low-Ca²⁺ inhibitor),-0.0292093172694079,-0.0570303865367045,-0.0511894412142765,0.88335408907462,0.874047838116385,0.957071481409107,Lower in Heart Failure than Normal,Lower in Obese than Normal,Lower in Diabetic than Normal,Not FDR significant (padj ≥ 0.05),Not FDR significant (padj ≥ 0.05),Not FDR significant (padj ≥ 0.05)
ENSG00000165487,MICU2,MICU2 | MCU gatekeeper,Calcium channels,Mitochondrial calcium uptake - MCU complex,MCU gatekeeper,-0.151711379938518,-0.117460085069246,-0.20285377251846,0.400172096877631,0.600697744912357,0.722980198100525,Lower in Heart Failure than Normal,Lower in Obese than Normal,Lower in Diabetic than Normal,Not FDR significant (padj ≥ 0.05),Not FDR significant (padj ≥ 0.05),Not FDR significant (padj ≥ 0.05)
ENSG00000155970,MICU3,MICU3 | MCU gatekeeper (neuronal),Calcium channels,Mitochondrial calcium uptake - MCU complex,MCU gatekeeper (neuronal),0.434420433109526,0.000529517544166221,0.157436987407758,0.0247887361248234,0.996602932266409,0.773862341570828,Higher in Heart Failure than Normal,Higher in Obese than Normal,Higher in Diabetic than Normal,FDR significant (padj < 0.05),Not FDR significant (padj ≥ 0.05),Not FDR significant (padj ≥ 0.05)
ENSG00000183172,SMDT1,SMDT1 | EMRE - essential MCU regulator,Calcium channels,Mitochondrial calcium uptake - MCU complex,EMRE - essential MCU regulator,-0.484104582230358,-0.275008403159712,-0.249160205332718,0.00641158061586374,0.301834411721272,0.595451780141423,Lower in Heart Failure than Normal,Lower in Obese than Normal,Lower in Diabetic than Normal,FDR significant (padj < 0.05),Not FDR significant (padj ≥ 0.05),Not FDR significant (padj ≥ 0.05)
ENSG00000050393,MCUR1,MCUR1 | MCU regulator 1,Calcium channels,Mitochondrial calcium uptake - MCU complex,MCU regulator 1,-0.0743762505527453,-0.0322768449258207,0.0530260356529439,0.721895390898479,0.911358875781926,0.957071481409107,Lower in Heart Failure than Normal,Lower in Obese than Normal,Higher in Diabetic than Normal,Not FDR significant (padj ≥ 0.05),Not FDR significant (padj ≥ 0.05),Not FDR significant (padj ≥ 0.05)
ENSG00000089060,SLC8B1,SLC8B1 | NCLX - mitochondrial Na⁺/Ca²⁺ exchanger,Calcium channels; Sodium channels,Mitochondrial calcium efflux; Na⁺/Ca²⁺ exchangers,NCLX - mitochondrial Na⁺/Ca²⁺ exchanger; NCLX (mitochondrial),-0.0620810379080229,-0.148564011173486,-0.0549581360146698,0.790285114985791,0.575257872241898,0.957071481409107,Lower in Heart Failure than Normal,Lower in Obese than Normal,Lower in Diabetic than Normal,Not FDR significant (padj ≥ 0.05),Not FDR significant (padj ≥ 0.05),Not FDR significant (padj ≥ 0.05)
ENSG00000168924,LETM1,LETM1 | H⁺/Ca²⁺ exchanger,Calcium channels,Mitochondrial calcium efflux,H⁺/Ca²⁺ exchanger,-0.238673628870431,-0.0406944458935599,-0.129518253478056,0.160746925545638,0.893570651241443,0.774152200048671,Lower in Heart Failure than Normal,Lower in Obese than Normal,Lower in Diabetic than Normal,Not FDR significant (padj ≥ 0.05),Not FDR significant (padj ≥ 0.05),Not FDR significant (padj ≥ 0.05)
ENSG00000070808,CAMK2A,CAMK2A | CAMKIIα,Calcium channels,Calcium-activated signaling,CAMKIIα,-0.0932540331161473,-0.0248427833979982,-0.134381598950792,0.772411398184845,0.966050048405563,0.87713989755143,Lower in Heart Failure than Normal,Lower in Obese than Normal,Lower in Diabetic than Normal,Not FDR significant (padj ≥ 0.05),Not FDR significant (padj ≥ 0.05),Not FDR significant (padj ≥ 0.05)
ENSG00000058404,CAMK2B,CAMK2B | CAMKIIβ,Calcium channels,Calcium-activated signaling,CAMKIIβ,0.421302139243345,-0.0553166725745244,0.268955331729987,0.0247887361248234,0.893570651241443,0.773862341570828,Higher in Heart Failure than Normal,Lower in Obese than Normal,Higher in Diabetic than Normal,FDR significant (padj < 0.05),Not FDR significant (padj ≥ 0.05),Not FDR significant (padj ≥ 0.05)
ENSG00000145349,CAMK2D,"CAMK2D | CAMKIIδ (dominant cardiac, HF driver)",Calcium channels,Calcium-activated signaling,"CAMKIIδ (dominant cardiac, HF driver)",0.108442964149022,-0.0772105137265256,0.123622866534461,0.691416778844784,0.828699816668312,0.845269656039622,Higher in Heart Failure than Normal,Lower in Obese than Normal,Higher in Diabetic than Normal,Not FDR significant (padj ≥ 0.05),Not FDR significant (padj ≥ 0.05),Not FDR significant (padj ≥ 0.05)
ENSG00000148660,CAMK2G,CAMK2G | CAMKIIγ,Calcium channels,Calcium-activated signaling,CAMKIIγ,0.115362112956293,0.0333165634770915,-0.19486234885568,0.692602997990898,0.912466599535632,0.650064729613576,Higher in Heart Failure than Normal,Higher in Obese than Normal,Lower in Diabetic than Normal,Not FDR significant (padj ≥ 0.05),Not FDR significant (padj ≥ 0.05),Not FDR significant (padj ≥ 0.05)
ENSG00000138814,PPP3CA,PPP3CA | Calcineurin Aα,Calcium channels,Calcium-activated signaling,Calcineurin Aα,-0.168031067643965,0.130616985173061,-0.0733132239341025,0.413352460544248,0.555226773434574,0.919447500529765,Lower in Heart Failure than Normal,Higher in Obese than Normal,Lower in Diabetic than Normal,Not FDR significant (padj ≥ 0.05),Not FDR significant (padj ≥ 0.05),Not FDR significant (padj ≥ 0.05)
ENSG00000107758,PPP3CB,PPP3CB | Calcineurin Aβ,Calcium channels,Calcium-activated signaling,Calcineurin Aβ,0.0508935752511496,0.0212987635474956,0.0210816454818965,0.727921657657977,0.912466599535632,0.964306071008936,Higher in Heart Failure than Normal,Higher in Obese than Normal,Higher in Diabetic than Normal,Not FDR significant (padj ≥ 0.05),Not FDR significant (padj ≥ 0.05),Not FDR significant (padj ≥ 0.05)
ENSG00000120910,PPP3CC,PPP3CC | Calcineurin Aγ,Calcium channels,Calcium-activated signaling,Calcineurin Aγ,-0.396962943951029,-0.283866098255443,-0.0889208316079297,0.0290350891726944,0.204155684844139,0.87713989755143,Lower in Heart Failure than Normal,Lower in Obese than Normal,Lower in Diabetic than Normal,FDR significant (padj < 0.05),Not FDR significant (padj ≥ 0.05),Not FDR significant (padj ≥ 0.05)
ENSG00000221823,PPP3R1,PPP3R1 | Calcineurin B1,Calcium channels,Calcium-activated signaling,Calcineurin B1,0.0966154641601765,0.086552912460658,0.0996936651695368,0.669677196711701,0.764199560358622,0.812930039050512,Higher in Heart Failure than Normal,Higher in Obese than Normal,Higher in Diabetic than Normal,Not FDR significant (padj ≥ 0.05),Not FDR significant (padj ≥ 0.05),Not FDR significant (padj ≥ 0.05)
ENSG00000188386,PPP3R2,PPP3R2 | Calcineurin B2,Calcium channels,Calcium-activated signaling,Calcineurin B2,-0.875273938960822,-1.2071191313699,-1.62715388551097,0.836755154374268,0.893570651241443,0.919447500529765,Lower in Heart Failure than Normal,Lower in Obese than Normal,Lower in Diabetic than Normal,Not FDR significant (padj ≥ 0.05),Not FDR significant (padj ≥ 0.05),Not FDR significant (padj ≥ 0.05)
ENSG00000144935,TRPC1,TRPC1 | TRPC1 (mechanosensitive),Calcium channels,TRP channels (Ca²⁺-permeable),TRPC1 (mechanosensitive),0.563170354313184,0.0919615870889816,0.352265902712453,0.00641158061586374,0.840000761619513,0.52882483133018,Higher in Heart Failure than Normal,Higher in Obese than Normal,Higher in Diabetic than Normal,FDR significant (padj < 0.05),Not FDR significant (padj ≥ 0.05),Not FDR significant (padj ≥ 0.05)
ENSG00000138741,TRPC3,TRPC3 | TRPC3 (hypertrophy),Calcium channels,TRP channels (Ca²⁺-permeable),TRPC3 (hypertrophy),0.520196323861801,0.649276138829643,-0.0961975475867412,0.637791998372966,0.575257872241898,0.978501873112438,Higher in Heart Failure than Normal,Higher in Obese than Normal,Lower in Diabetic than Normal,Not FDR significant (padj ≥ 0.05),Not FDR significant (padj ≥ 0.05),Not FDR significant (padj ≥ 0.05)
ENSG00000133107,TRPC4,TRPC4 | TRPC4,Calcium channels,TRP channels (Ca²⁺-permeable),TRPC4,-0.334045127986309,-0.858753285807926,0.175113526927403,0.758475083293734,0.510411314524657,0.957071481409107,Lower in Heart Failure than Normal,Lower in Obese than Normal,Higher in Diabetic than Normal,Not FDR significant (padj ≥ 0.05),Not FDR significant (padj ≥ 0.05),Not FDR significant (padj ≥ 0.05)
ENSG00000137672,TRPC6,TRPC6 | TRPC6 (pathological hypertrophy),Calcium channels,TRP channels (Ca²⁺-permeable),TRPC6 (pathological hypertrophy),0.760627867247173,0.324694769795047,-0.0479029431100493,0.201870581555057,0.837298497691101,0.979892816075763,Higher in Heart Failure than Normal,Higher in Obese than Normal,Lower in Diabetic than Normal,Not FDR significant (padj ≥ 0.05),Not FDR significant (padj ≥ 0.05),Not FDR significant (padj ≥ 0.05)
ENSG00000083067,TRPM3,TRPM3 | TRPM3,Calcium channels,TRP channels (Ca²⁺-permeable),TRPM3,-0.174677516035774,-0.224948300042921,-0.315832489681369,0.772411398184845,0.829033276865257,0.87713989755143,Lower in Heart Failure than Normal,Lower in Obese than Normal,Lower in Diabetic than Normal,Not FDR significant (padj ≥ 0.05),Not FDR significant (padj ≥ 0.05),Not FDR significant (padj ≥ 0.05)
ENSG00000130529,TRPM4,TRPM4 | TRPM4 (stretch response),Calcium channels,TRP channels (Ca²⁺-permeable),TRPM4 (stretch response),0.432290165230012,-0.17953106091292,0.0646302616267322,0.0247887361248234,0.555226773434574,0.957071481409107,Higher in Heart Failure than Normal,Lower in Obese than Normal,Higher in Diabetic than Normal,FDR significant (padj < 0.05),Not FDR significant (padj ≥ 0.05),Not FDR significant (padj ≥ 0.05)
ENSG00000092439,TRPM7,TRPM7 | TRPM7 (Mg²⁺ + Ca²⁺ channel + kinase),Calcium channels; Magnesium channels,TRP channels (Ca²⁺-permeable); Plasma membrane Mg²⁺ uptake,TRPM7 (Mg²⁺ + Ca²⁺ channel + kinase); TRPM7 (ubiquitous Mg²⁺/Ca²⁺ channel + kinase),-0.345202591942613,-0.174406827382176,-0.206149270488871,0.185109205185049,0.638946229260347,0.812930039050512,Lower in Heart Failure than Normal,Lower in Obese than Normal,Lower in Diabetic than Normal,Not FDR significant (padj ≥ 0.05),Not FDR significant (padj ≥ 0.05),Not FDR significant (padj ≥ 0.05)
ENSG00000196689,TRPV1,TRPV1 | TRPV1 (cardiac ischemia/stretch),Calcium channels,TRP channels (Ca²⁺-permeable),TRPV1 (cardiac ischemia/stretch),0.134761657572579,-0.636857206088758,-0.114099437260716,0.727921657657977,0.00548640181273615,0.957071481409107,Higher in Heart Failure than Normal,Lower in Obese than Normal,Lower in Diabetic than Normal,Not FDR significant (padj ≥ 0.05),FDR significant (padj < 0.05),Not FDR significant (padj ≥ 0.05)
ENSG00000187688,TRPV2,TRPV2 | TRPV2,Calcium channels,TRP channels (Ca²⁺-permeable),TRPV2,0.231582636735302,0.142055128348393,0.18688958257757,0.497909605985415,0.831625317862458,0.831020447305526,Higher in Heart Failure than Normal,Higher in Obese than Normal,Higher in Diabetic than Normal,Not FDR significant (padj ≥ 0.05),Not FDR significant (padj ≥ 0.05),Not FDR significant (padj ≥ 0.05)
ENSG00000118762,PKD2,PKD2 | Polycystin-2 (Ca²⁺ leak channel),Calcium channels,TRP channels (Ca²⁺-permeable),Polycystin-2 (Ca²⁺ leak channel),0.635667391717327,0.178423168218853,0.177154378677487,0.0162889858311766,0.555226773434574,0.821146179708222,Higher in Heart Failure than Normal,Higher in Obese than Normal,Higher in Diabetic than Normal,FDR significant (padj < 0.05),Not FDR significant (padj ≥ 0.05),Not FDR significant (padj ≥ 0.05)
ENSG00000198668,CALM1,CALM1 | Calmodulin 1,Calcium channels,Calmodulin (Ca²⁺ sensor),Calmodulin 1,-0.129990808670405,-0.0564341796646254,0.0121948987983994,0.593425394656559,0.893570651241443,0.992111216350153,Lower in Heart Failure than Normal,Lower in Obese than Normal,Higher in Diabetic than Normal,Not FDR significant (padj ≥ 0.05),Not FDR significant (padj ≥ 0.05),Not FDR significant (padj ≥ 0.05)
ENSG00000143933,CALM2,CALM2 | Calmodulin 2,Calcium channels,Calmodulin (Ca²⁺ sensor),Calmodulin 2,-0.097575897983277,0.0308577933892843,-0.227749228411751,0.727921657657977,0.953688873930906,0.773862341570828,Lower in Heart Failure than Normal,Higher in Obese than Normal,Lower in Diabetic than Normal,Not FDR significant (padj ≥ 0.05),Not FDR significant (padj ≥ 0.05),Not FDR significant (padj ≥ 0.05)
ENSG00000160014,CALM3,CALM3 | Calmodulin 3,Calcium channels,Calmodulin (Ca²⁺ sensor),Calmodulin 3,-0.145872594595759,0.0232867181858892,0.0308543704378485,0.482327745918577,0.953688873930906,0.975713258425228,Lower in Heart Failure than Normal,Higher in Obese than Normal,Higher in Diabetic than Normal,Not FDR significant (padj ≥ 0.05),Not FDR significant (padj ≥ 0.05),Not FDR significant (padj ≥ 0.05)
ENSG00000182255,KCNA4,KCNA4 | Kv1.4 (atrial transient outward),Potassium channels,Voltage-gated K⁺ (Kv) - repolarization currents,Kv1.4 (atrial transient outward),0.709927809423486,0.340694353660932,0.272112056349688,0.105829004788942,0.6171647914941,0.919447500529765,Higher in Heart Failure than Normal,Higher in Obese than Normal,Higher in Diabetic than Normal,Not FDR significant (padj ≥ 0.05),Not FDR significant (padj ≥ 0.05),Not FDR significant (padj ≥ 0.05)
ENSG00000130037,KCNA5,KCNA5 | Kv1.5 (atrial IKur),Potassium channels,Voltage-gated K⁺ (Kv) - repolarization currents,Kv1.5 (atrial IKur),0.927968064718567,0.0885561065709784,-0.222769287880295,0.0138135825868781,0.912466599535632,0.919447500529765,Higher in Heart Failure than Normal,Higher in Obese than Normal,Lower in Diabetic than Normal,FDR significant (padj < 0.05),Not FDR significant (padj ≥ 0.05),Not FDR significant (padj ≥ 0.05)
ENSG00000158445,KCNB1,KCNB1 | Kv2.1,Potassium channels,Voltage-gated K⁺ (Kv) - repolarization currents,Kv2.1,-0.700425966826922,-0.294469423338862,-0.137631103911053,0.165667181194408,0.768488327338182,0.957071481409107,Lower in Heart Failure than Normal,Lower in Obese than Normal,Lower in Diabetic than Normal,Not FDR significant (padj ≥ 0.05),Not FDR significant (padj ≥ 0.05),Not FDR significant (padj ≥ 0.05)
ENSG00000184408,KCND2,KCND2 | Kv4.2 (Ito),Potassium channels,Voltage-gated K⁺ (Kv) - repolarization currents,Kv4.2 (Ito),0.583100708114991,-1.77322880685746,-0.0456866127859921,0.727921657657977,0.555226773434574,0.995078270338251,Higher in Heart Failure than Normal,Lower in Obese than Normal,Lower in Diabetic than Normal,Not FDR significant (padj ≥ 0.05),Not FDR significant (padj ≥ 0.05),Not FDR significant (padj ≥ 0.05)
ENSG00000171385,KCND3,"KCND3 | Kv4.3 (main cardiac Ito,f)",Potassium channels,Voltage-gated K⁺ (Kv) - repolarization currents,"Kv4.3 (main cardiac Ito,f)",-0.766656341774387,-0.115331647007211,-0.179004123635137,0.000467477933230298,0.801140636623464,0.828977752478133,Lower in Heart Failure than Normal,Lower in Obese than Normal,Lower in Diabetic than Normal,FDR significant (padj < 0.05),Not FDR significant (padj ≥ 0.05),Not FDR significant (padj ≥ 0.05)
ENSG00000053918,KCNQ1,"KCNQ1 | Kv7.1 (IKs α, LQT1)",Potassium channels,Voltage-gated K⁺ (Kv) - repolarization currents,"Kv7.1 (IKs α, LQT1)",-0.422343554644031,-0.120624557738252,-0.107405561485565,0.0247887361248234,0.735214543448796,0.87713989755143,Lower in Heart Failure than Normal,Lower in Obese than Normal,Lower in Diabetic than Normal,FDR significant (padj < 0.05),Not FDR significant (padj ≥ 0.05),Not FDR significant (padj ≥ 0.05)
ENSG00000055118,KCNH2,"KCNH2 | Kv11.1 / hERG (IKr α, LQT2, drug target)",Potassium channels,Voltage-gated K⁺ (Kv) - repolarization currents,"Kv11.1 / hERG (IKr α, LQT2, drug target)",-0.676185478179355,0.0101465864771792,-0.207915264208683,0.000729822169925425,0.98473086957982,0.722980198100525,Lower in Heart Failure than Normal,Higher in Obese than Normal,Lower in Diabetic than Normal,FDR significant (padj < 0.05),Not FDR significant (padj ≥ 0.05),Not FDR significant (padj ≥ 0.05)
ENSG00000180509,KCNE1,"KCNE1 | minK (IKs β, LQT5)",Potassium channels,Voltage-gated K⁺ (Kv) - repolarization currents,"minK (IKs β, LQT5)",0.636237467190426,0.462241797280208,0.407136506312196,0.166049910083148,0.555226773434574,0.812930039050512,Higher in Heart Failure than Normal,Higher in Obese than Normal,Higher in Diabetic than Normal,Not FDR significant (padj ≥ 0.05),Not FDR significant (padj ≥ 0.05),Not FDR significant (padj ≥ 0.05)
ENSG00000159197,KCNE2,"KCNE2 | MiRP1 (IKr β, LQT6)",Potassium channels,Voltage-gated K⁺ (Kv) - repolarization currents,"MiRP1 (IKr β, LQT6)",0.450346413204547,0.66172397173838,0.287454618072224,0.817043038549489,0.741959940440893,0.958492420118104,Higher in Heart Failure than Normal,Higher in Obese than Normal,Higher in Diabetic than Normal,Not FDR significant (padj ≥ 0.05),Not FDR significant (padj ≥ 0.05),Not FDR significant (padj ≥ 0.05)
ENSG00000175538,KCNE3,KCNE3 | MiRP2,Potassium channels,Voltage-gated K⁺ (Kv) - repolarization currents,MiRP2,-0.15621708015261,0.477855127201764,0.454715062986826,0.772411398184845,0.555226773434574,0.773862341570828,Lower in Heart Failure than Normal,Higher in Obese than Normal,Higher in Diabetic than Normal,Not FDR significant (padj ≥ 0.05),Not FDR significant (padj ≥ 0.05),Not FDR significant (padj ≥ 0.05)
ENSG00000169282,KCNAB1,KCNAB1 | Kvβ1,Potassium channels,Voltage-gated K⁺ (Kv) - repolarization currents,Kvβ1,0.420116627728693,-0.0326112645961341,-0.000354146947850476,0.166049910083148,0.955865425957283,0.998579615408593,Higher in Heart Failure than Normal,Lower in Obese than Normal,Lower in Diabetic than Normal,Not FDR significant (padj ≥ 0.05),Not FDR significant (padj ≥ 0.05),Not FDR significant (padj ≥ 0.05)
ENSG00000069424,KCNAB2,KCNAB2 | Kvβ2,Potassium channels,Voltage-gated K⁺ (Kv) - repolarization currents,Kvβ2,0.0699769931278661,-0.0443553170414214,0.240937907197326,0.836755154374268,0.939775109446102,0.812930039050512,Higher in Heart Failure than Normal,Lower in Obese than Normal,Higher in Diabetic than Normal,Not FDR significant (padj ≥ 0.05),Not FDR significant (padj ≥ 0.05),Not FDR significant (padj ≥ 0.05)
ENSG00000120049,KCNIP2,KCNIP2 | KChIP2 (Ito modulator),Potassium channels,Voltage-gated K⁺ (Kv) - repolarization currents,KChIP2 (Ito modulator),-1.37398874298997,-2.95207035223716,-0.614652034187428,0.0816527354411961,0.000290875168681499,0.87713989755143,Lower in Heart Failure than Normal,Lower in Obese than Normal,Lower in Diabetic than Normal,Not FDR significant (padj ≥ 0.05),FDR significant (padj < 0.05),Not FDR significant (padj ≥ 0.05)
ENSG00000130226,DPP6,DPP6 | Dipeptidyl peptidase 6 (Kv4 accessory),Potassium channels,Voltage-gated K⁺ (Kv) - repolarization currents,Dipeptidyl peptidase 6 (Kv4 accessory),-2.01717328404422,-0.203340781180918,-0.209891091487416,0.047174145119241,0.943881274567205,0.975713258425228,Lower in Heart Failure than Normal,Lower in Obese than Normal,Lower in Diabetic than Normal,FDR significant (padj < 0.05),Not FDR significant (padj ≥ 0.05),Not FDR significant (padj ≥ 0.05)
ENSG00000175497,DPP10,DPP10 | Dipeptidyl peptidase 10 (Kv4 accessory),Potassium channels,Voltage-gated K⁺ (Kv) - repolarization currents,Dipeptidyl peptidase 10 (Kv4 accessory),-0.422425042860467,0.0642453512902182,-0.438883890123729,0.909047598039658,0.99162022106506,0.978501873112438,Lower in Heart Failure than Normal,Higher in Obese than Normal,Lower in Diabetic than Normal,Not FDR significant (padj ≥ 0.05),Not FDR significant (padj ≥ 0.05),Not FDR significant (padj ≥ 0.05)
ENSG00000123700,KCNJ2,"KCNJ2 | Kir2.1 (cardiac IK1, Andersen)",Potassium channels,Inward rectifier K⁺ (Kir),"Kir2.1 (cardiac IK1, Andersen)",0.00298642484292623,-0.232038909975032,0.0662510314742657,0.995735835504345,0.653872069295763,0.957071481409107,Higher in Heart Failure than Normal,Lower in Obese than Normal,Higher in Diabetic than Normal,Not FDR significant (padj ≥ 0.05),Not FDR significant (padj ≥ 0.05),Not FDR significant (padj ≥ 0.05)
ENSG00000168135,KCNJ4,KCNJ4 | Kir2.3 (atrial),Potassium channels,Inward rectifier K⁺ (Kir),Kir2.3 (atrial),0.879325284639884,-0.0752690437279774,0.279926016120981,0.00506510021410805,0.911358875781926,0.812930039050512,Higher in Heart Failure than Normal,Lower in Obese than Normal,Higher in Diabetic than Normal,FDR significant (padj < 0.05),Not FDR significant (padj ≥ 0.05),Not FDR significant (padj ≥ 0.05)
ENSG00000184185,KCNJ12,KCNJ12 | Kir2.2,Potassium channels,Inward rectifier K⁺ (Kir),Kir2.2,-0.182513331976736,-0.394198685535047,-0.244210817017173,0.60797631823779,0.348190770357692,0.773862341570828,Lower in Heart Failure than Normal,Lower in Obese than Normal,Lower in Diabetic than Normal,Not FDR significant (padj ≥ 0.05),Not FDR significant (padj ≥ 0.05),Not FDR significant (padj ≥ 0.05)
ENSG00000182324,KCNJ14,KCNJ14 | Kir2.4,Potassium channels,Inward rectifier K⁺ (Kir),Kir2.4,0.342375800451606,0.833888332060945,0.104868057824704,0.727921657657977,0.405439044016333,0.975713258425228,Higher in Heart Failure than Normal,Higher in Obese than Normal,Higher in Diabetic than Normal,Not FDR significant (padj ≥ 0.05),Not FDR significant (padj ≥ 0.05),Not FDR significant (padj ≥ 0.05)
ENSG00000162989,KCNJ3,"KCNJ3 | Kir3.1 (IKACh, atrial)",Potassium channels,Inward rectifier K⁺ (Kir),"Kir3.1 (IKACh, atrial)",0.318568278225504,1.58290987777079,0.328850674570834,0.772411398184845,0.177765314764728,0.957071481409107,Higher in Heart Failure than Normal,Higher in Obese than Normal,Higher in Diabetic than Normal,Not FDR significant (padj ≥ 0.05),Not FDR significant (padj ≥ 0.05),Not FDR significant (padj ≥ 0.05)
ENSG00000120457,KCNJ5,"KCNJ5 | Kir3.4 (IKACh, atrial)",Potassium channels,Inward rectifier K⁺ (Kir),"Kir3.4 (IKACh, atrial)",-0.407258385741894,-0.182342455921992,0.0527085828404644,0.551828298489271,0.88106884387934,0.979892816075763,Lower in Heart Failure than Normal,Lower in Obese than Normal,Higher in Diabetic than Normal,Not FDR significant (padj ≥ 0.05),Not FDR significant (padj ≥ 0.05),Not FDR significant (padj ≥ 0.05)
ENSG00000121361,KCNJ8,KCNJ8 | Kir6.1 (vascular KATP),Potassium channels,Inward rectifier K⁺ (Kir),Kir6.1 (vascular KATP),-0.350994256863154,-0.410805063933012,-0.0765674537314174,0.160746925545638,0.204155684844139,0.957071481409107,Lower in Heart Failure than Normal,Lower in Obese than Normal,Lower in Diabetic than Normal,Not FDR significant (padj ≥ 0.05),Not FDR significant (padj ≥ 0.05),Not FDR significant (padj ≥ 0.05)
ENSG00000187486,KCNJ11,KCNJ11 | Kir6.2 (cardiac KATP),Potassium channels,Inward rectifier K⁺ (Kir),Kir6.2 (cardiac KATP),-0.58986977828709,-0.548292033338267,-0.0224591264097822,0.0485453627396262,0.176314693609137,0.979892816075763,Lower in Heart Failure than Normal,Lower in Obese than Normal,Lower in Diabetic than Normal,FDR significant (padj < 0.05),Not FDR significant (padj ≥ 0.05),Not FDR significant (padj ≥ 0.05)
ENSG00000006071,ABCC8,ABCC8 | SUR1 (KATP regulatory),Potassium channels,Inward rectifier K⁺ (Kir),SUR1 (KATP regulatory),0.904699940334823,-0.520228194023664,1.26618647915435,0.0779598541764671,0.555226773434574,0.361399920401728,Higher in Heart Failure than Normal,Lower in Obese than Normal,Higher in Diabetic than Normal,Not FDR significant (padj ≥ 0.05),Not FDR significant (padj ≥ 0.05),Not FDR significant (padj ≥ 0.05)
ENSG00000069431,ABCC9,ABCC9 | SUR2 (cardiac KATP regulatory),Potassium channels,Inward rectifier K⁺ (Kir),SUR2 (cardiac KATP regulatory),-0.335876239969161,-0.315545078175704,-0.183485682740759,0.0812409283226309,0.204155684844139,0.800555450097787,Lower in Heart Failure than Normal,Lower in Obese than Normal,Lower in Diabetic than Normal,Not FDR significant (padj ≥ 0.05),Not FDR significant (padj ≥ 0.05),Not FDR significant (padj ≥ 0.05)
ENSG00000135750,KCNK1,KCNK1 | TWIK1,Potassium channels,Two-pore K⁺ (K2P) - background current,TWIK1,-0.351629601784918,0.681567295333916,0.313139777998606,0.593425394656559,0.301834411721272,0.831020447305526,Lower in Heart Failure than Normal,Higher in Obese than Normal,Higher in Diabetic than Normal,Not FDR significant (padj ≥ 0.05),Not FDR significant (padj ≥ 0.05),Not FDR significant (padj ≥ 0.05)
ENSG00000082482,KCNK2,KCNK2 | TREK1 (mechanosensitive),Potassium channels,Two-pore K⁺ (K2P) - background current,TREK1 (mechanosensitive),-0.427823116383355,-1.08669297059221,-0.676400490489423,0.727921657657977,0.510411314524657,0.87713989755143,Lower in Heart Failure than Normal,Lower in Obese than Normal,Lower in Diabetic than Normal,Not FDR significant (padj ≥ 0.05),Not FDR significant (padj ≥ 0.05),Not FDR significant (padj ≥ 0.05)
ENSG00000171303,KCNK3,KCNK3 | TASK1 (atrial),Potassium channels,Two-pore K⁺ (K2P) - background current,TASK1 (atrial),-0.433485332026051,0.923340198586449,0.0622938617206442,0.60797631823779,0.510411314524657,0.979892816075763,Lower in Heart Failure than Normal,Higher in Obese than Normal,Higher in Diabetic than Normal,Not FDR significant (padj ≥ 0.05),Not FDR significant (padj ≥ 0.05),Not FDR significant (padj ≥ 0.05)
ENSG00000099337,KCNK6,KCNK6 | TWIK2,Potassium channels,Two-pore K⁺ (K2P) - background current,TWIK2,0.304229379891445,-0.0438920927066616,0.0505611626758587,0.60797631823779,0.966050048405563,0.978501873112438,Higher in Heart Failure than Normal,Lower in Obese than Normal,Higher in Diabetic than Normal,Not FDR significant (padj ≥ 0.05),Not FDR significant (padj ≥ 0.05),Not FDR significant (padj ≥ 0.05)
ENSG00000105642,KCNN1,KCNN1 | SK1,Potassium channels,Ca²⁺-activated K⁺ (SK/IK/BK),SK1,2.58135627366606,2.44373407162374,-0.167858706163773,0.160760384503523,0.42722954796713,0.992111216350153,Higher in Heart Failure than Normal,Higher in Obese than Normal,Lower in Diabetic than Normal,Not FDR significant (padj ≥ 0.05),Not FDR significant (padj ≥ 0.05),Not FDR significant (padj ≥ 0.05)
ENSG00000080709,KCNN2,"KCNN2 | SK2 (atrial, P cells, AF)",Potassium channels,Ca²⁺-activated K⁺ (SK/IK/BK),"SK2 (atrial, P cells, AF)",-0.713906467532079,-0.446964591542825,-0.470098201528038,0.0247887361248234,0.555226773434574,0.749628138615087,Lower in Heart Failure than Normal,Lower in Obese than Normal,Lower in Diabetic than Normal,FDR significant (padj < 0.05),Not FDR significant (padj ≥ 0.05),Not FDR significant (padj ≥ 0.05)
ENSG00000143603,KCNN3,KCNN3 | SK3 (atrial),Potassium channels,Ca²⁺-activated K⁺ (SK/IK/BK),SK3 (atrial),1.03805253005796,0.466756668045908,-0.227304685898649,0.0247887361248234,0.555226773434574,0.957071481409107,Higher in Heart Failure than Normal,Higher in Obese than Normal,Lower in Diabetic than Normal,FDR significant (padj < 0.05),Not FDR significant (padj ≥ 0.05),Not FDR significant (padj ≥ 0.05)
ENSG00000104783,KCNN4,KCNN4 | SK4/IK,Potassium channels,Ca²⁺-activated K⁺ (SK/IK/BK),SK4/IK,0.252666926741225,0.631715262814271,0.010523937070981,0.727921657657977,0.301834411721272,0.995078270338251,Higher in Heart Failure than Normal,Higher in Obese than Normal,Higher in Diabetic than Normal,Not FDR significant (padj ≥ 0.05),Not FDR significant (padj ≥ 0.05),Not FDR significant (padj ≥ 0.05)
ENSG00000156113,KCNMA1,KCNMA1 | BK channel α (Slo1),Potassium channels,Ca²⁺-activated K⁺ (SK/IK/BK),BK channel α (Slo1),1.04147964498223,0.475113701444256,0.497197027309534,0.0306781710447817,0.555226773434574,0.812930039050512,Higher in Heart Failure than Normal,Higher in Obese than Normal,Higher in Diabetic than Normal,FDR significant (padj < 0.05),Not FDR significant (padj ≥ 0.05),Not FDR significant (padj ≥ 0.05)
ENSG00000145936,KCNMB1,KCNMB1 | BK β1,Potassium channels,Ca²⁺-activated K⁺ (SK/IK/BK),BK β1,1.25933092587225,0.742217705369871,0.659922135527046,0.0247887361248234,0.176314693609137,0.634780707108669,Higher in Heart Failure than Normal,Higher in Obese than Normal,Higher in Diabetic than Normal,FDR significant (padj < 0.05),Not FDR significant (padj ≥ 0.05),Not FDR significant (padj ≥ 0.05)
ENSG00000164588,HCN1,HCN1 | HCN1 (SAN P cells),Potassium channels,"HCN - funny current, pacemaker",HCN1 (SAN P cells),0.362897465450948,-0.370050422671441,-0.934014228930622,0.759234741308435,0.874047838116385,0.812930039050512,Higher in Heart Failure than Normal,Lower in Obese than Normal,Lower in Diabetic than Normal,Not FDR significant (padj ≥ 0.05),Not FDR significant (padj ≥ 0.05),Not FDR significant (padj ≥ 0.05)
ENSG00000099822,HCN2,HCN2 | HCN2,Potassium channels,"HCN - funny current, pacemaker",HCN2,0.228576631186755,-0.372633489943306,-0.546882036975146,0.772411398184845,0.685334236243594,0.773862341570828,Higher in Heart Failure than Normal,Lower in Obese than Normal,Lower in Diabetic than Normal,Not FDR significant (padj ≥ 0.05),Not FDR significant (padj ≥ 0.05),Not FDR significant (padj ≥ 0.05)
ENSG00000138622,HCN4,HCN4 | HCN4 (main pacemaker channel),Potassium channels,"HCN - funny current, pacemaker",HCN4 (main pacemaker channel),0.0328979025571393,0.463432233036973,0.0170918079527134,0.947014980280703,0.555226773434574,0.995078270338251,Higher in Heart Failure than Normal,Higher in Obese than Normal,Higher in Diabetic than Normal,Not FDR significant (padj ≥ 0.05),Not FDR significant (padj ≥ 0.05),Not FDR significant (padj ≥ 0.05)
ENSG00000163399,ATP1A1,ATP1A1 | Na⁺/K⁺-ATPase α1,Potassium channels; Sodium channels,Na⁺/K⁺ pump,Na⁺/K⁺-ATPase α1,-0.148426409309961,0.165687217975216,0.0506644150332894,0.632144405844301,0.735214543448796,0.957071481409107,Lower in Heart Failure than Normal,Higher in Obese than Normal,Higher in Diabetic than Normal,Not FDR significant (padj ≥ 0.05),Not FDR significant (padj ≥ 0.05),Not FDR significant (padj ≥ 0.05)
ENSG00000018625,ATP1A2,ATP1A2 | Na⁺/K⁺-ATPase α2 (cardiac),Potassium channels; Sodium channels,Na⁺/K⁺ pump,Na⁺/K⁺-ATPase α2 (cardiac),-0.0988374901147519,-0.00283145298147643,0.230417977003089,0.772411398184845,0.996602932266409,0.800555450097787,Lower in Heart Failure than Normal,Lower in Obese than Normal,Higher in Diabetic than Normal,Not FDR significant (padj ≥ 0.05),Not FDR significant (padj ≥ 0.05),Not FDR significant (padj ≥ 0.05)
ENSG00000105409,ATP1A3,ATP1A3 | Na⁺/K⁺-ATPase α3,Potassium channels,Na⁺/K⁺ pump,Na⁺/K⁺-ATPase α3,-0.0688900310099716,-0.0960769206607961,-0.164776063182202,0.861997201778298,0.893570651241443,0.855154031408406,Lower in Heart Failure than Normal,Lower in Obese than Normal,Lower in Diabetic than Normal,Not FDR significant (padj ≥ 0.05),Not FDR significant (padj ≥ 0.05),Not FDR significant (padj ≥ 0.05)
ENSG00000143153,ATP1B1,ATP1B1 | Na⁺/K⁺-ATPase β1,Potassium channels; Sodium channels,Na⁺/K⁺ pump,Na⁺/K⁺-ATPase β1,-0.208362821279297,0.182064765736412,0.180221570658191,0.509137717455526,0.555226773434574,0.812930039050512,Lower in Heart Failure than Normal,Higher in Obese than Normal,Higher in Diabetic than Normal,Not FDR significant (padj ≥ 0.05),Not FDR significant (padj ≥ 0.05),Not FDR significant (padj ≥ 0.05)
ENSG00000266964,FXYD1,FXYD1 | Phospholemman (cardiac NKA regulator),Potassium channels; Sodium channels,Na⁺/K⁺ pump,Phospholemman (cardiac NKA regulator); Phospholemman,-0.242881148941053,-0.573834811467643,-0.587567792358988,0.637598412230871,0.204155684844139,0.595451780141423,Lower in Heart Failure than Normal,Lower in Obese than Normal,Lower in Diabetic than Normal,Not FDR significant (padj ≥ 0.05),Not FDR significant (padj ≥ 0.05),Not FDR significant (padj ≥ 0.05)
ENSG00000119121,TRPM6,TRPM6 | TRPM6 (intestinal/renal Mg²⁺ uptake + kinase),Magnesium channels,Plasma membrane Mg²⁺ uptake,TRPM6 (intestinal/renal Mg²⁺ uptake + kinase),-0.141575816329583,0.104030064027626,-0.362716471343262,0.878691749420846,0.943881274567205,0.87713989755143,Lower in Heart Failure than Normal,Higher in Obese than Normal,Lower in Diabetic than Normal,Not FDR significant (padj ≥ 0.05),Not FDR significant (padj ≥ 0.05),Not FDR significant (padj ≥ 0.05)
ENSG00000102158,MAGT1,MAGT1 | Magnesium transporter 1,Magnesium channels,Plasma membrane Mg²⁺ uptake,Magnesium transporter 1,-0.0303004875004511,0.14628093979397,0.149089004481874,0.836755154374268,0.555226773434574,0.773862341570828,Lower in Heart Failure than Normal,Higher in Obese than Normal,Higher in Diabetic than Normal,Not FDR significant (padj ≥ 0.05),Not FDR significant (padj ≥ 0.05),Not FDR significant (padj ≥ 0.05)
ENSG00000119946,CNNM1,CNNM1 | CNNM1 (cyclin M1),Magnesium channels,Plasma membrane Mg²⁺ uptake,CNNM1 (cyclin M1),0.628395040202071,0.749363846056397,0.607114763722804,0.593425394656559,0.555226773434574,0.812930039050512,Higher in Heart Failure than Normal,Higher in Obese than Normal,Higher in Diabetic than Normal,Not FDR significant (padj ≥ 0.05),Not FDR significant (padj ≥ 0.05),Not FDR significant (padj ≥ 0.05)
ENSG00000148842,CNNM2,CNNM2 | CNNM2 (renal Mg²⁺ reabsorption),Magnesium channels,Plasma membrane Mg²⁺ uptake,CNNM2 (renal Mg²⁺ reabsorption),0.260438481360226,-0.000815266976324885,-0.0771089019623715,0.593425394656559,0.996602932266409,0.957071481409107,Higher in Heart Failure than Normal,Lower in Obese than Normal,Lower in Diabetic than Normal,Not FDR significant (padj ≥ 0.05),Not FDR significant (padj ≥ 0.05),Not FDR significant (padj ≥ 0.05)
ENSG00000168763,CNNM3,CNNM3 | CNNM3,Magnesium channels,Plasma membrane Mg²⁺ uptake,CNNM3,-0.0936980986867935,-0.155108620457916,-0.0557336989789616,0.727921657657977,0.638946229260347,0.957071481409107,Lower in Heart Failure than Normal,Lower in Obese than Normal,Lower in Diabetic than Normal,Not FDR significant (padj ≥ 0.05),Not FDR significant (padj ≥ 0.05),Not FDR significant (padj ≥ 0.05)
ENSG00000158158,CNNM4,CNNM4 | CNNM4 (intestinal/renal),Magnesium channels,Plasma membrane Mg²⁺ uptake,CNNM4 (intestinal/renal),0.424052091184738,-0.258703559413451,-0.209356629719367,0.139223640806816,0.555226773434574,0.812930039050512,Higher in Heart Failure than Normal,Lower in Obese than Normal,Lower in Diabetic than Normal,Not FDR significant (padj ≥ 0.05),Not FDR significant (padj ≥ 0.05),Not FDR significant (padj ≥ 0.05)
ENSG00000170113,NIPA1,NIPA1 | NIPA1 (Mg²⁺ transporter),Magnesium channels,Plasma membrane Mg²⁺ uptake,NIPA1 (Mg²⁺ transporter),0.10532132288944,0.0482663763227981,0.125612081724273,0.727921657657977,0.898463621256426,0.812930039050512,Higher in Heart Failure than Normal,Higher in Obese than Normal,Higher in Diabetic than Normal,Not FDR significant (padj ≥ 0.05),Not FDR significant (padj ≥ 0.05),Not FDR significant (padj ≥ 0.05)
ENSG00000140157,NIPA2,NIPA2 | NIPA2,Magnesium channels,Plasma membrane Mg²⁺ uptake,NIPA2,-0.187269390587475,0.353610588249604,0.199437189518806,0.288510168419882,0.301834411721272,0.749628138615087,Lower in Heart Failure than Normal,Higher in Obese than Normal,Higher in Diabetic than Normal,Not FDR significant (padj ≥ 0.05),Not FDR significant (padj ≥ 0.05),Not FDR significant (padj ≥ 0.05)
ENSG00000163293,NIPAL1,NIPAL1 | NIPA-like 1,Magnesium channels,Plasma membrane Mg²⁺ uptake,NIPA-like 1,0.580960521077478,0.964549444217189,0.803105000505067,0.688653152833462,0.555226773434574,0.812930039050512,Higher in Heart Failure than Normal,Higher in Obese than Normal,Higher in Diabetic than Normal,Not FDR significant (padj ≥ 0.05),Not FDR significant (padj ≥ 0.05),Not FDR significant (padj ≥ 0.05)
ENSG00000104361,NIPAL2,NIPAL2 | NIPA-like 2,Magnesium channels,Plasma membrane Mg²⁺ uptake,NIPA-like 2,0.0188870314178247,-0.0333271685553111,-0.111144478110332,0.938702133212029,0.912466599535632,0.87713989755143,Higher in Heart Failure than Normal,Lower in Obese than Normal,Lower in Diabetic than Normal,Not FDR significant (padj ≥ 0.05),Not FDR significant (padj ≥ 0.05),Not FDR significant (padj ≥ 0.05)
ENSG00000001461,NIPAL3,NIPAL3 | NIPA-like 3,Magnesium channels,Plasma membrane Mg²⁺ uptake,NIPA-like 3,-0.421174925498809,-0.10938899884363,-0.156521796183315,0.0130101167044941,0.638946229260347,0.773862341570828,Lower in Heart Failure than Normal,Lower in Obese than Normal,Lower in Diabetic than Normal,FDR significant (padj < 0.05),Not FDR significant (padj ≥ 0.05),Not FDR significant (padj ≥ 0.05)
ENSG00000172548,NIPAL4,NIPAL4 | NIPA-like 4,Magnesium channels,Plasma membrane Mg²⁺ uptake,NIPA-like 4,-1.99279708287109,2.19676074536902,-0.675475132630263,0.288510168419882,0.510411314524657,0.87713989755143,Lower in Heart Failure than Normal,Higher in Obese than Normal,Lower in Diabetic than Normal,Not FDR significant (padj ≥ 0.05),Not FDR significant (padj ≥ 0.05),Not FDR significant (padj ≥ 0.05)
ENSG00000133065,SLC41A1,SLC41A1 | SLC41A1 (Na⁺/Mg²⁺ exchanger),Magnesium channels,Na⁺/Mg²⁺ exchange,SLC41A1 (Na⁺/Mg²⁺ exchanger),-0.479422097446833,-0.188985322505799,-0.134770387498671,0.0306781710447817,0.646380985310583,0.87713989755143,Lower in Heart Failure than Normal,Lower in Obese than Normal,Lower in Diabetic than Normal,FDR significant (padj < 0.05),Not FDR significant (padj ≥ 0.05),Not FDR significant (padj ≥ 0.05)
ENSG00000136052,SLC41A2,SLC41A2 | SLC41A2 (Mg²⁺ transporter),Magnesium channels,Na⁺/Mg²⁺ exchange,SLC41A2 (Mg²⁺ transporter),1.12400965499725,1.29331946554152,0.683449645592792,0.0141487974207265,0.017711207462618,0.773862341570828,Higher in Heart Failure than Normal,Higher in Obese than Normal,Higher in Diabetic than Normal,FDR significant (padj < 0.05),FDR significant (padj < 0.05),Not FDR significant (padj ≥ 0.05)
ENSG00000124532,MRS2,MRS2 | Mitochondrial Mg²⁺ uniporter (inner membrane),Magnesium channels,Mitochondrial Mg²⁺,Mitochondrial Mg²⁺ uniporter (inner membrane),-0.278478794057478,-0.230735739122706,-0.214993354919423,0.160746925545638,0.520780044735149,0.773862341570828,Lower in Heart Failure than Normal,Lower in Obese than Normal,Lower in Diabetic than Normal,Not FDR significant (padj ≥ 0.05),Not FDR significant (padj ≥ 0.05),Not FDR significant (padj ≥ 0.05)
ENSG00000114544,SLC41A3,SLC41A3 | Mitochondrial Mg²⁺ efflux,Magnesium channels,Mitochondrial Mg²⁺,Mitochondrial Mg²⁺ efflux,-0.365151347771401,-0.169168999848263,-0.199045837238167,0.0395313846591778,0.555226773434574,0.749628138615087,Lower in Heart Failure than Normal,Lower in Obese than Normal,Lower in Diabetic than Normal,FDR significant (padj < 0.05),Not FDR significant (padj ≥ 0.05),Not FDR significant (padj ≥ 0.05)
ENSG00000116688,MFN2,MFN2 | Mitofusin 2 (Mg²⁺ flux modulator at MAM),Magnesium channels,Mitochondrial Mg²⁺,Mitofusin 2 (Mg²⁺ flux modulator at MAM),0.333724617322274,-0.0130531053335525,0.194786542351382,0.173371400467579,0.98473086957982,0.773862341570828,Higher in Heart Failure than Normal,Lower in Obese than Normal,Higher in Diabetic than Normal,Not FDR significant (padj ≥ 0.05),Not FDR significant (padj ≥ 0.05),Not FDR significant (padj ≥ 0.05)
ENSG00000113946,CLDN16,CLDN16 | Claudin-16 (paracellin-1),Magnesium channels,Paracellular Mg²⁺,Claudin-16 (paracellin-1),1.98870245025046,1.00325043166311,-0.239503714734081,0.727921657657977,0.898463621256426,0.992111216350153,Higher in Heart Failure than Normal,Higher in Obese than Normal,Lower in Diabetic than Normal,Not FDR significant (padj ≥ 0.05),Not FDR significant (padj ≥ 0.05),Not FDR significant (padj ≥ 0.05)
ENSG00000164007,CLDN19,CLDN19 | Claudin-19,Magnesium channels,Paracellular Mg²⁺,Claudin-19,-2.93847589296898,-3.1941607375118,-0.0564878568582202,0.593425394656559,0.600697744912357,0.995078270338251,Lower in Heart Failure than Normal,Lower in Obese than Normal,Lower in Diabetic than Normal,Not FDR significant (padj ≥ 0.05),Not FDR significant (padj ≥ 0.05),Not FDR significant (padj ≥ 0.05)
ENSG00000177728,TMEM94,TMEM94 | ER magnesium import,Magnesium channels,ER magnesium import,ER magnesium import,0.0887247158468018,-0.288724488378787,-0.155393124872283,0.696096136535458,0.176314693609137,0.773862341570828,Higher in Heart Failure than Normal,Lower in Obese than Normal,Lower in Diabetic than Normal,Not FDR significant (padj ≥ 0.05),Not FDR significant (padj ≥ 0.05),Not FDR significant (padj ≥ 0.05)
ENSG00000183873,SCN5A,"SCN5A | Nav1.5 (main cardiac Na⁺ channel, LQT3, Brugada)",Sodium channels,Voltage-gated Na⁺ (Nav) - α subunits,"Nav1.5 (main cardiac Na⁺ channel, LQT3, Brugada)",-0.105627996265871,0.327532768020204,0.144795705467256,0.755653883917391,0.176314693609137,0.87713989755143,Lower in Heart Failure than Normal,Higher in Obese than Normal,Higher in Diabetic than Normal,Not FDR significant (padj ≥ 0.05),Not FDR significant (padj ≥ 0.05),Not FDR significant (padj ≥ 0.05)
ENSG00000185313,SCN10A,SCN10A | Nav1.8 (minor cardiac),Sodium channels,Voltage-gated Na⁺ (Nav) - α subunits,Nav1.8 (minor cardiac),0.133876021738137,2.19976758631195,0.911801553235363,0.894162905514958,0.0191597259885955,0.773862341570828,Higher in Heart Failure than Normal,Higher in Obese than Normal,Higher in Diabetic than Normal,Not FDR significant (padj ≥ 0.05),FDR significant (padj < 0.05),Not FDR significant (padj ≥ 0.05)
ENSG00000196876,SCN8A,SCN8A | Nav1.6 (cardiac/neuronal),Sodium channels,Voltage-gated Na⁺ (Nav) - α subunits,Nav1.6 (cardiac/neuronal),0.619168754925648,-0.0249443370266342,-0.149561427552836,0.244473630182999,0.98473086957982,0.957071481409107,Higher in Heart Failure than Normal,Lower in Obese than Normal,Lower in Diabetic than Normal,Not FDR significant (padj ≥ 0.05),Not FDR significant (padj ≥ 0.05),Not FDR significant (padj ≥ 0.05)
ENSG00000144285,SCN1A,SCN1A | Nav1.1 (neuronal),Sodium channels,Voltage-gated Na⁺ (Nav) - α subunits,Nav1.1 (neuronal),-0.3103770985551,0.0320434257087116,-0.480668769075569,0.743465780702081,0.98473086957982,0.82996042118039,Lower in Heart Failure than Normal,Higher in Obese than Normal,Lower in Diabetic than Normal,Not FDR significant (padj ≥ 0.05),Not FDR significant (padj ≥ 0.05),Not FDR significant (padj ≥ 0.05)
ENSG00000136531,SCN2A,SCN2A | Nav1.2 (neuronal),Sodium channels,Voltage-gated Na⁺ (Nav) - α subunits,Nav1.2 (neuronal),-0.769781698826515,-0.719042545272023,-2.01788793524969,0.507688748975094,0.575257872241898,0.260627792298106,Lower in Heart Failure than Normal,Lower in Obese than Normal,Lower in Diabetic than Normal,Not FDR significant (padj ≥ 0.05),Not FDR significant (padj ≥ 0.05),Not FDR significant (padj ≥ 0.05)
ENSG00000153253,SCN3A,SCN3A | Nav1.3 (neuronal),Sodium channels,Voltage-gated Na⁺ (Nav) - α subunits,Nav1.3 (neuronal),-0.374235039505623,0.080573091868293,-0.187685175293558,0.424999579331822,0.893570651241443,0.87713989755143,Lower in Heart Failure than Normal,Higher in Obese than Normal,Lower in Diabetic than Normal,Not FDR significant (padj ≥ 0.05),Not FDR significant (padj ≥ 0.05),Not FDR significant (padj ≥ 0.05)
ENSG00000007314,SCN4A,SCN4A | Nav1.4 (skeletal),Sodium channels,Voltage-gated Na⁺ (Nav) - α subunits,Nav1.4 (skeletal),0.258508804446725,0.762584283240627,1.24544452667967,0.727921657657977,0.373991628220088,0.263893848965159,Higher in Heart Failure than Normal,Higher in Obese than Normal,Higher in Diabetic than Normal,Not FDR significant (padj ≥ 0.05),Not FDR significant (padj ≥ 0.05),Not FDR significant (padj ≥ 0.05)
ENSG00000169432,SCN9A,SCN9A | Nav1.7,Sodium channels,Voltage-gated Na⁺ (Nav) - α subunits,Nav1.7,-0.632871042406707,-0.343176735626564,-0.752049299476545,0.172160543001587,0.555226773434574,0.478295168165979,Lower in Heart Failure than Normal,Lower in Obese than Normal,Lower in Diabetic than Normal,Not FDR significant (padj ≥ 0.05),Not FDR significant (padj ≥ 0.05),Not FDR significant (padj ≥ 0.05)
ENSG00000168356,SCN11A,SCN11A | Nav1.9,Sodium channels,Voltage-gated Na⁺ (Nav) - α subunits,Nav1.9,1.70335082987682,0.298737083019709,0.326044010840852,0.0554357440981489,0.898463621256426,0.957071481409107,Higher in Heart Failure than Normal,Higher in Obese than Normal,Higher in Diabetic than Normal,Not FDR significant (padj ≥ 0.05),Not FDR significant (padj ≥ 0.05),Not FDR significant (padj ≥ 0.05)
ENSG00000105711,SCN1B,SCN1B | Navβ1 (cardiac),Sodium channels,Nav β subunits,Navβ1 (cardiac),-0.271393609224687,0.258711072948004,0.109341496836557,0.394270306483788,0.520436169200337,0.957071481409107,Lower in Heart Failure than Normal,Higher in Obese than Normal,Higher in Diabetic than Normal,Not FDR significant (padj ≥ 0.05),Not FDR significant (padj ≥ 0.05),Not FDR significant (padj ≥ 0.05)
ENSG00000149575,SCN2B,SCN2B | Navβ2,Sodium channels,Nav β subunits,Navβ2,0.917884898726982,-0.0150688567601733,0.33877673497369,0.00506510021410805,0.98473086957982,0.773862341570828,Higher in Heart Failure than Normal,Lower in Obese than Normal,Higher in Diabetic than Normal,FDR significant (padj < 0.05),Not FDR significant (padj ≥ 0.05),Not FDR significant (padj ≥ 0.05)
ENSG00000166257,SCN3B,SCN3B | Navβ3 (cardiac),Sodium channels,Nav β subunits,Navβ3 (cardiac),0.561601610878096,0.697034910990803,0.584217055780266,0.0554357440981489,0.0945486525220274,0.439777403959162,Higher in Heart Failure than Normal,Higher in Obese than Normal,Higher in Diabetic than Normal,Not FDR significant (padj ≥ 0.05),Not FDR significant (padj ≥ 0.05),Not FDR significant (padj ≥ 0.05)
ENSG00000177098,SCN4B,SCN4B | Navβ4,Sodium channels,Nav β subunits,Navβ4,0.0649572513074632,-0.0369690678071025,-0.487630162271009,0.830307706207406,0.954498353361855,0.361399920401728,Higher in Heart Failure than Normal,Lower in Obese than Normal,Lower in Diabetic than Normal,Not FDR significant (padj ≥ 0.05),Not FDR significant (padj ≥ 0.05),Not FDR significant (padj ≥ 0.05)
ENSG00000090020,SLC9A1,"SLC9A1 | NHE1 (cardiac, pH/volume regulation)",Sodium channels,Na⁺/H⁺ exchangers (NHE),"NHE1 (cardiac, pH/volume regulation)",0.805262359159954,0.611911650122599,0.684397142879919,0.000467477933230298,0.0746771235348242,0.260627792298106,Higher in Heart Failure than Normal,Higher in Obese than Normal,Higher in Diabetic than Normal,FDR significant (padj < 0.05),Not FDR significant (padj ≥ 0.05),Not FDR significant (padj ≥ 0.05)
ENSG00000198689,SLC9A6,SLC9A6 | NHE6 (endosomal),Sodium channels,Na⁺/H⁺ exchangers (NHE),NHE6 (endosomal),-0.0951941956662766,0.00778595595069118,0.0436597613337386,0.60797631823779,0.98473086957982,0.957071481409107,Lower in Heart Failure than Normal,Higher in Obese than Normal,Higher in Diabetic than Normal,Not FDR significant (padj ≥ 0.05),Not FDR significant (padj ≥ 0.05),Not FDR significant (padj ≥ 0.05)
ENSG00000065923,SLC9A7,SLC9A7 | NHE7,Sodium channels,Na⁺/H⁺ exchangers (NHE),NHE7,0.0919570897006737,-0.191137301002083,-0.164208375420528,0.772411398184845,0.638946229260347,0.812930039050512,Higher in Heart Failure than Normal,Lower in Obese than Normal,Lower in Diabetic than Normal,Not FDR significant (padj ≥ 0.05),Not FDR significant (padj ≥ 0.05),Not FDR significant (padj ≥ 0.05)
ENSG00000197818,SLC9A8,SLC9A8 | NHE8,Sodium channels,Na⁺/H⁺ exchangers (NHE),NHE8,0.201945406846445,0.117578265550803,-0.13431812391595,0.280833963155286,0.575257872241898,0.812930039050512,Higher in Heart Failure than Normal,Higher in Obese than Normal,Lower in Diabetic than Normal,Not FDR significant (padj ≥ 0.05),Not FDR significant (padj ≥ 0.05),Not FDR significant (padj ≥ 0.05)
ENSG00000080493,SLC4A4,SLC4A4 | NBCe1,Sodium channels,Na⁺-bicarbonate cotransporters,NBCe1,0.206658435890907,0.27116547295713,-0.0685906849786677,0.444485096286164,0.510411314524657,0.957071481409107,Higher in Heart Failure than Normal,Higher in Obese than Normal,Lower in Diabetic than Normal,Not FDR significant (padj ≥ 0.05),Not FDR significant (padj ≥ 0.05),Not FDR significant (padj ≥ 0.05)
ENSG00000188687,SLC4A5,SLC4A5 | NBCe2,Sodium channels,Na⁺-bicarbonate cotransporters,NBCe2,0.15413607571994,0.425944616643415,-0.235795029151032,0.772411398184845,0.575257872241898,0.957071481409107,Higher in Heart Failure than Normal,Higher in Obese than Normal,Lower in Diabetic than Normal,Not FDR significant (padj ≥ 0.05),Not FDR significant (padj ≥ 0.05),Not FDR significant (padj ≥ 0.05)
ENSG00000033867,SLC4A7,SLC4A7 | NBCn1,Sodium channels,Na⁺-bicarbonate cotransporters,NBCn1,0.0238387954721048,-0.188876685980642,-0.103533896129315,0.933207839617032,0.616301985083977,0.957071481409107,Higher in Heart Failure than Normal,Lower in Obese than Normal,Lower in Diabetic than Normal,Not FDR significant (padj ≥ 0.05),Not FDR significant (padj ≥ 0.05),Not FDR significant (padj ≥ 0.05)
ENSG00000188037,CLCN1,CLCN1 | ClC-1 (skeletal),Chloride channels,CLC family (voltage-gated Cl⁻),ClC-1 (skeletal),0.516774460931795,2.98439026252852,1.09921750762935,0.914123173959852,0.439970095925943,0.957071481409107,Higher in Heart Failure than Normal,Higher in Obese than Normal,Higher in Diabetic than Normal,Not FDR significant (padj ≥ 0.05),Not FDR significant (padj ≥ 0.05),Not FDR significant (padj ≥ 0.05)
ENSG00000114859,CLCN2,CLCN2 | ClC-2 (cardiac),Chloride channels,CLC family (voltage-gated Cl⁻),ClC-2 (cardiac),0.302876309089113,-0.0998408151158091,-0.0675831888132494,0.52799691513216,0.893570651241443,0.969552288907492,Higher in Heart Failure than Normal,Lower in Obese than Normal,Lower in Diabetic than Normal,Not FDR significant (padj ≥ 0.05),Not FDR significant (padj ≥ 0.05),Not FDR significant (padj ≥ 0.05)
ENSG00000109572,CLCN3,CLCN3 | ClC-3 (vesicular/endosomal),Chloride channels,CLC family (voltage-gated Cl⁻),ClC-3 (vesicular/endosomal),-0.0215973517180392,-0.044220950175107,0.10700482317416,0.919325470131034,0.893570651241443,0.828977752478133,Lower in Heart Failure than Normal,Lower in Obese than Normal,Higher in Diabetic than Normal,Not FDR significant (padj ≥ 0.05),Not FDR significant (padj ≥ 0.05),Not FDR significant (padj ≥ 0.05)
ENSG00000073464,CLCN4,CLCN4 | ClC-4,Chloride channels,CLC family (voltage-gated Cl⁻),ClC-4,-0.161105356377001,0.0883508914063993,-0.0733912882441929,0.552779894299941,0.784040416147919,0.957071481409107,Lower in Heart Failure than Normal,Higher in Obese than Normal,Lower in Diabetic than Normal,Not FDR significant (padj ≥ 0.05),Not FDR significant (padj ≥ 0.05),Not FDR significant (padj ≥ 0.05)
ENSG00000171365,CLCN5,CLCN5 | ClC-5,Chloride channels,CLC family (voltage-gated Cl⁻),ClC-5,0.100649225166774,0.292860265307685,0.00269376573091768,0.769717892998566,0.638946229260347,0.995090653197339,Higher in Heart Failure than Normal,Higher in Obese than Normal,Higher in Diabetic than Normal,Not FDR significant (padj ≥ 0.05),Not FDR significant (padj ≥ 0.05),Not FDR significant (padj ≥ 0.05)
ENSG00000011021,CLCN6,CLCN6 | ClC-6,Chloride channels,CLC family (voltage-gated Cl⁻),ClC-6,0.105755535121539,-0.239254202738219,-0.0117404375923414,0.711864325119034,0.439970095925943,0.992111216350153,Higher in Heart Failure than Normal,Lower in Obese than Normal,Lower in Diabetic than Normal,Not FDR significant (padj ≥ 0.05),Not FDR significant (padj ≥ 0.05),Not FDR significant (padj ≥ 0.05)
ENSG00000103249,CLCN7,CLCN7 | ClC-7 (lysosomal),Chloride channels,CLC family (voltage-gated Cl⁻),ClC-7 (lysosomal),-0.230270239969953,-0.241852965639634,-0.0295083203245219,0.0975693625741022,0.130353984746521,0.957071481409107,Lower in Heart Failure than Normal,Lower in Obese than Normal,Lower in Diabetic than Normal,Not FDR significant (padj ≥ 0.05),Not FDR significant (padj ≥ 0.05),Not FDR significant (padj ≥ 0.05)
ENSG00000186510,CLCNKA,CLCNKA | ClC-Ka (kidney),Chloride channels,CLC family (voltage-gated Cl⁻),ClC-Ka (kidney),0.114233314990045,0.266480159825822,-1.13021131441096,0.892467287136822,0.784040416147919,0.361399920401728,Higher in Heart Failure than Normal,Higher in Obese than Normal,Lower in Diabetic than Normal,Not FDR significant (padj ≥ 0.05),Not FDR significant (padj ≥ 0.05),Not FDR significant (padj ≥ 0.05)
ENSG00000184908,CLCNKB,CLCNKB | ClC-Kb (kidney),Chloride channels,CLC family (voltage-gated Cl⁻),ClC-Kb (kidney),-0.23711132972296,-0.344208325849327,-0.402930152324233,0.692602997990898,0.638946229260347,0.812930039050512,Lower in Heart Failure than Normal,Lower in Obese than Normal,Lower in Diabetic than Normal,Not FDR significant (padj ≥ 0.05),Not FDR significant (padj ≥ 0.05),Not FDR significant (padj ≥ 0.05)
ENSG00000131620,ANO1,"ANO1 | TMEM16A (cardiac, smooth muscle)",Chloride channels,Ca²⁺-activated Cl⁻ (anoctamin / TMEM16),"TMEM16A (cardiac, smooth muscle)",0.516869329141265,0.178295198855372,-0.10512115178579,0.0517884322201473,0.694651233158497,0.957071481409107,Higher in Heart Failure than Normal,Higher in Obese than Normal,Lower in Diabetic than Normal,Not FDR significant (padj ≥ 0.05),Not FDR significant (padj ≥ 0.05),Not FDR significant (padj ≥ 0.05)
ENSG00000047617,ANO2,ANO2 | TMEM16B,Chloride channels,Ca²⁺-activated Cl⁻ (anoctamin / TMEM16),TMEM16B,-0.0267227086958358,-0.282275659937867,0.608882697434128,0.938702133212029,0.575257872241898,0.260627792298106,Lower in Heart Failure than Normal,Lower in Obese than Normal,Higher in Diabetic than Normal,Not FDR significant (padj ≥ 0.05),Not FDR significant (padj ≥ 0.05),Not FDR significant (padj ≥ 0.05)
ENSG00000177119,ANO6,ANO6 | TMEM16F (channel + lipid scramblase),Chloride channels,Ca²⁺-activated Cl⁻ (anoctamin / TMEM16),TMEM16F (channel + lipid scramblase),0.135723329516999,0.240934427344231,0.181745331062577,0.61620738590596,0.204155684844139,0.650064729613576,Higher in Heart Failure than Normal,Higher in Obese than Normal,Higher in Diabetic than Normal,Not FDR significant (padj ≥ 0.05),Not FDR significant (padj ≥ 0.05),Not FDR significant (padj ≥ 0.05)
ENSG00000160746,ANO10,ANO10 | TMEM16K,Chloride channels,Ca²⁺-activated Cl⁻ (anoctamin / TMEM16),TMEM16K,0.112213760006196,0.375702810876911,0.0447630786127555,0.727921657657977,0.320672957207766,0.957071481409107,Higher in Heart Failure than Normal,Higher in Obese than Normal,Higher in Diabetic than Normal,Not FDR significant (padj ≥ 0.05),Not FDR significant (padj ≥ 0.05),Not FDR significant (padj ≥ 0.05)
ENSG00000001626,CFTR,CFTR | CFTR (cardiac arrhythmia modulator),Chloride channels,cAMP-activated Cl⁻,CFTR (cardiac arrhythmia modulator),-0.284483167116635,0.020893362367802,-0.533640319709663,0.772411398184845,0.99162022106506,0.87713989755143,Lower in Heart Failure than Normal,Higher in Obese than Normal,Lower in Diabetic than Normal,Not FDR significant (padj ≥ 0.05),Not FDR significant (padj ≥ 0.05),Not FDR significant (padj ≥ 0.05)
ENSG00000004939,SLC4A1,SLC4A1 | AE1 (Band 3),Chloride channels,Cl⁻/HCO₃⁻ exchangers,AE1 (Band 3),2.16679643707796,1.05430419237905,-0.836864377315772,0.509137717455526,0.893570651241443,0.957071481409107,Higher in Heart Failure than Normal,Higher in Obese than Normal,Lower in Diabetic than Normal,Not FDR significant (padj ≥ 0.05),Not FDR significant (padj ≥ 0.05),Not FDR significant (padj ≥ 0.05)
ENSG00000164889,SLC4A2,SLC4A2 | AE2,Chloride channels,Cl⁻/HCO₃⁻ exchangers,AE2,-0.214460800424181,0.10034017185341,0.0462683429768504,0.250284988597829,0.829033276865257,0.957071481409107,Lower in Heart Failure than Normal,Higher in Obese than Normal,Higher in Diabetic than Normal,Not FDR significant (padj ≥ 0.05),Not FDR significant (padj ≥ 0.05),Not FDR significant (padj ≥ 0.05)
ENSG00000114923,SLC4A3,SLC4A3 | AE3 (cardiac),Chloride channels,Cl⁻/HCO₃⁻ exchangers,AE3 (cardiac),-0.48017443159787,-0.114535001596734,-0.145095361247175,0.0141487974207265,0.575257872241898,0.812930039050512,Lower in Heart Failure than Normal,Lower in Obese than Normal,Lower in Diabetic than Normal,FDR significant (padj < 0.05),Not FDR significant (padj ≥ 0.05),Not FDR significant (padj ≥ 0.05)
ENSG00000124067,SLC12A4,SLC12A4 | KCC1,Chloride channels,K⁺/Cl⁻ cotransporters (KCC),KCC1,0.12066351396286,0.0369535825284751,0.191671923550097,0.501300069334835,0.898463621256426,0.52882483133018,Higher in Heart Failure than Normal,Higher in Obese than Normal,Higher in Diabetic than Normal,Not FDR significant (padj ≥ 0.05),Not FDR significant (padj ≥ 0.05),Not FDR significant (padj ≥ 0.05)
ENSG00000124140,SLC12A5,SLC12A5 | KCC2 (neuronal),Chloride channels,K⁺/Cl⁻ cotransporters (KCC),KCC2 (neuronal),-0.3291646153105,0.258771053560146,0.334903064041079,0.892467287136822,0.953688873930906,0.964306071008936,Lower in Heart Failure than Normal,Higher in Obese than Normal,Higher in Diabetic than Normal,Not FDR significant (padj ≥ 0.05),Not FDR significant (padj ≥ 0.05),Not FDR significant (padj ≥ 0.05)
ENSG00000140199,SLC12A6,SLC12A6 | KCC3,Chloride channels,K⁺/Cl⁻ cotransporters (KCC),KCC3,-0.189829336698183,-0.0660878888765749,-0.0450399977101653,0.463787342911482,0.893570651241443,0.957071481409107,Lower in Heart Failure than Normal,Lower in Obese than Normal,Lower in Diabetic than Normal,Not FDR significant (padj ≥ 0.05),Not FDR significant (padj ≥ 0.05),Not FDR significant (padj ≥ 0.05)
ENSG00000113504,SLC12A7,SLC12A7 | KCC4,Chloride channels,K⁺/Cl⁻ cotransporters (KCC),KCC4,-0.104817028911713,-0.692966407476144,0.0675922302462512,0.727921657657977,0.00404079408307958,0.957071481409107,Lower in Heart Failure than Normal,Lower in Obese than Normal,Higher in Diabetic than Normal,Not FDR significant (padj ≥ 0.05),FDR significant (padj < 0.05),Not FDR significant (padj ≥ 0.05)
ENSG00000074803,SLC12A1,SLC12A1 | NKCC2 (kidney),Chloride channels,Na⁺-K⁺-2Cl⁻ cotransporters (NKCC),NKCC2 (kidney),0.678749619783962,0.409573453860519,1.03006411554204,0.772411398184845,0.898463621256426,0.916630140053165,Higher in Heart Failure than Normal,Higher in Obese than Normal,Higher in Diabetic than Normal,Not FDR significant (padj ≥ 0.05),Not FDR significant (padj ≥ 0.05),Not FDR significant (padj ≥ 0.05)
ENSG00000064651,SLC12A2,"SLC12A2 | NKCC1 (broad, cardiac)",Chloride channels,Na⁺-K⁺-2Cl⁻ cotransporters (NKCC),"NKCC1 (broad, cardiac)",0.0338943020211994,-0.0527925169237363,0.0954269988875203,0.892467287136822,0.893570651241443,0.916630140053165,Higher in Heart Failure than Normal,Lower in Obese than Normal,Higher in Diabetic than Normal,Not FDR significant (padj ≥ 0.05),Not FDR significant (padj ≥ 0.05),Not FDR significant (padj ≥ 0.05)
